employee_name,email,department,position,salary,country
Valerie Reed,dchambers@example.com,Sales,Manager,3463.93,USA
Kenneth Palmer,charles09@example.com,IT,Analyst,7369.08,Ukraine
Julia Pittman,joseph26@example.net,Marketing,Manager,5229.26,USA
Kelly Rogers,uwilson@example.net,HR,Specialist,1794.35,Canada
Michael Sanchez,austingould@example.com,IT,Specialist,4528.79,Canada
Adam Howell,sstevens@example.org,HR,Analyst,3817.62,Poland
Mark Ross,uowen@example.net,HR,Analyst,2712.91,Poland
Mercedes Welch,vnelson@example.net,IT,Specialist,3514.85,Poland
Joseph Green,rthompson@example.org,HR,Manager,3615.83,USA
Maria Coleman,elizabeth95@example.com,Sales,Developer,1376.41,Germany
Andrew Norris,alyssaellis@example.net,Sales,Analyst,1330.81,Ukraine
Regina Juarez,chaneysuzanne@example.com,IT,Analyst,1489.0,Poland
Clinton Barnes,uramirez@example.com,IT,Specialist,4098.46,Poland
Mr. George Ortiz,lawrencedean@example.net,Sales,Specialist,7890.15,Canada
Ryan White,thomasjacobson@example.com,Finance,Specialist,8987.98,Ukraine
Gregory Clark,seanroman@example.org,IT,Developer,5966.72,Poland
Alyssa Garcia,fmorgan@example.net,Sales,Analyst,7524.3,USA
Michael Vasquez,edwardsshannon@example.net,HR,Coordinator,7558.91,Canada
Megan Davis,williammorris@example.net,IT,Analyst,6048.66,USA
Elizabeth Newman,davischristopher@example.com,HR,Manager,1826.87,Poland
Michael Nelson,yhenry@example.net,Sales,Developer,6784.98,USA
Robert Walters,toddmclaughlin@example.org,Finance,Specialist,7894.54,USA
Mathew Pratt,adamsryan@example.org,Marketing,Coordinator,2779.64,Poland
Linda Aguirre,sandovalbryce@example.net,IT,Analyst,8548.51,Ukraine
Marissa Garcia,iherrera@example.org,Sales,Developer,2751.01,USA
Curtis Schwartz,bennettjennifer@example.org,IT,Developer,1886.98,USA
David Martinez,elizabeth59@example.com,HR,Coordinator,2241.93,USA
James Miller,lindseymcbride@example.net,Finance,Manager,1412.32,Ukraine
Anna Leonard,james26@example.org,Finance,Coordinator,8635.36,Poland
Holly Schmitt,jason45@example.org,HR,Analyst,2100.4,Ukraine
Erika Estrada,bryan99@example.net,Sales,Developer,3215.42,Germany
Joe Wang,clarkcarla@example.net,Marketing,Developer,4447.98,Ukraine
Daisy Kramer,williamschristina@example.org,IT,Analyst,5389.24,Germany
Philip Clements,stevenskinner@example.net,IT,Analyst,5470.69,Ukraine
Shannon Whitaker,petersonelizabeth@example.net,HR,Analyst,8566.43,Poland
Brittany Berry,lindseystephanie@example.com,Marketing,Specialist,1194.78,Canada
Amber Johnson,lanecristian@example.net,Finance,Developer,4972.11,Canada
James Campbell,qchambers@example.com,Sales,Specialist,3184.5,Canada
Cynthia Bennett,walterboyd@example.com,IT,Developer,6261.21,USA
Jonathan Mcgee,reynoldsdeanna@example.com,Marketing,Coordinator,8980.31,Germany
Veronica Joseph,brooke65@example.net,IT,Developer,1052.71,USA
Matthew Davis,merrittpaul@example.com,Sales,Specialist,7579.25,USA
John Rivera,adrianahenson@example.org,Sales,Specialist,7508.58,Ukraine
Mary Lawson,ccasey@example.net,Sales,Specialist,5433.69,Ukraine
Deborah Miles,brownandrew@example.org,Sales,Analyst,5742.69,Poland
Margaret Butler,annrussell@example.org,HR,Coordinator,5201.11,Poland
Sherry Chung,heather81@example.com,Finance,Developer,5076.1,Ukraine
Christine Hicks,evansyvette@example.com,Finance,Manager,2581.94,Canada
Stacey Harris,ramseychristopher@example.net,HR,Coordinator,2728.9,Ukraine
Kyle May,philliprobinson@example.com,IT,Specialist,9776.83,Ukraine
Michele Snyder,crystal35@example.org,HR,Manager,7229.76,Poland
Nathaniel Nunez,sara86@example.org,Finance,Specialist,4157.59,USA
Paul Lutz,leahwilson@example.net,Sales,Developer,9942.93,USA
James Ward,rbond@example.org,Marketing,Manager,8129.84,Germany
Duane Norris,ydalton@example.org,HR,Analyst,3950.56,Germany
Jeffery Francis Jr.,martinezrobert@example.net,IT,Analyst,7343.11,USA
Derek Johnson,woodardbilly@example.net,Finance,Manager,2296.42,Canada
Joseph Duffy,wmills@example.com,HR,Manager,8642.14,Ukraine
Jill Smith,darlenesanders@example.net,IT,Manager,6468.05,Ukraine
Patricia Adams,ithompson@example.net,Marketing,Specialist,9255.22,USA
William Barker,jessethompson@example.org,Finance,Manager,5932.75,Ukraine
Amanda Collins,seanpeterson@example.com,Finance,Analyst,7686.3,Canada
Heather Mitchell,wgrimes@example.org,HR,Developer,7596.08,Poland
Brandon Aguilar,wdowns@example.net,HR,Analyst,9444.96,USA
Jeremy Villanueva,philip92@example.net,Sales,Manager,3821.65,Canada
Shannon Anderson,darinlopez@example.org,Finance,Manager,8527.16,Canada
Anna Glenn,james12@example.net,HR,Specialist,2120.0,Germany
Nancy Clarke,brittany00@example.net,HR,Coordinator,9434.06,Poland
John Reese,kchurch@example.org,IT,Specialist,5890.01,USA
Joshua Lewis,daryl08@example.net,Finance,Coordinator,5090.14,Ukraine
Jay Lopez,eric94@example.net,IT,Manager,5411.18,Canada
John Wells,jay06@example.org,Marketing,Manager,1706.27,Ukraine
Kimberly Gordon,kevin08@example.org,IT,Specialist,7606.28,Canada
James Jordan,dmartin@example.org,Sales,Manager,3981.7,Ukraine
Sabrina Miller,edwardscrystal@example.com,Marketing,Manager,9162.25,Canada
Robert Turner,lowejoe@example.net,IT,Developer,1689.01,Ukraine
Carla Kennedy,kballard@example.net,HR,Manager,4775.56,Poland
Kristina Thomas,erinsanders@example.net,Sales,Coordinator,8860.27,Ukraine
Donna Allen,langkendra@example.org,Sales,Specialist,8003.13,Ukraine
James House,mary99@example.org,Marketing,Developer,9769.22,Poland
Kenneth Ruiz,joy22@example.net,IT,Developer,3945.99,Ukraine
Aaron Tucker,kelsey21@example.com,IT,Specialist,4440.82,USA
James Walker,erangel@example.com,IT,Coordinator,7351.5,Poland
Brian Reid,munozshannon@example.org,Finance,Developer,3025.24,Canada
Joshua Young,veronica87@example.net,Marketing,Developer,6709.8,Ukraine
Christina Williams,normanerin@example.com,IT,Manager,9915.84,USA
Jennifer Smith,millertyler@example.com,Sales,Coordinator,2273.54,USA
Jeanne Foster,raymond04@example.org,Sales,Developer,5329.11,Poland
Jeffrey Carter,martinjesus@example.org,Sales,Manager,7229.61,Ukraine
Mark Clark,zzavala@example.com,HR,Specialist,4786.96,Poland
John Hernandez,bobbyking@example.com,HR,Analyst,5577.05,USA
Tracy Walker,timothylong@example.org,Sales,Specialist,5051.77,Ukraine
Joshua Shannon,colleenpierce@example.net,Sales,Developer,7017.37,Ukraine
Gregory Stevenson,vegathomas@example.com,Sales,Developer,6278.95,USA
Anne Williams,bwagner@example.com,IT,Manager,5895.76,Canada
Jennifer Silva,perezamanda@example.net,Marketing,Analyst,4701.06,Poland
Brad Manning,hherring@example.com,Marketing,Manager,7689.06,Germany
Rachel Schmidt,kdalton@example.com,Sales,Analyst,8673.99,Ukraine
Vincent Decker,gwoods@example.net,HR,Specialist,3587.0,Ukraine
Diane Jones,zlopez@example.com,Sales,Analyst,6253.49,Canada
Tony Young,robertlara@example.org,Marketing,Manager,8319.16,Poland
Jennifer Duncan,browntroy@example.org,Finance,Developer,1361.33,Canada
Stephanie Coleman,yjuarez@example.net,Marketing,Specialist,5221.92,USA
Karen Jones,christopherjames@example.net,Finance,Specialist,5866.27,Ukraine
Elizabeth Ponce,matthew99@example.net,IT,Developer,7666.35,Poland
David Long,wagnerbradley@example.org,HR,Developer,1050.39,Germany
Denise Barrett,neil40@example.net,Marketing,Analyst,3864.28,Poland
Victor Collins,ehernandez@example.net,HR,Coordinator,2128.78,Canada
Rebecca Mcdaniel,mcdonaldrachel@example.net,HR,Analyst,5346.85,Ukraine
Sherry Hughes,katrinaramirez@example.org,Sales,Developer,9315.79,Canada
Monica Wells,davilasarah@example.net,HR,Specialist,3716.83,USA
William Mason,voliver@example.com,HR,Manager,3537.9,Ukraine
Destiny Gonzalez,sdavis@example.com,HR,Coordinator,1001.58,Poland
Harold Macdonald,jdavis@example.net,Finance,Specialist,3544.51,Germany
John Morgan,tinawalker@example.org,Sales,Analyst,8661.0,Ukraine
Melissa Montgomery,vstevens@example.org,Sales,Coordinator,4636.03,Germany
Dawn Miller,velasquezdavid@example.net,Sales,Analyst,8737.99,Canada
Michael Tran,xpeterson@example.net,Marketing,Analyst,3721.37,USA
Andrea White,jjohnson@example.org,HR,Manager,2334.31,USA
Carolyn Clark,carrie99@example.com,Finance,Coordinator,2827.92,Poland
Leslie Hardy,jacksonchristina@example.net,IT,Analyst,9071.11,USA
Brandon Torres,molly18@example.com,Sales,Analyst,5585.15,Poland
Crystal Smith,randygreen@example.net,Sales,Specialist,2934.58,USA
Steven Garrison,jchen@example.org,Sales,Analyst,1559.63,Poland
Jacob Holloway,alexisstevens@example.net,Sales,Manager,1262.16,Ukraine
Eddie Willis,adrian85@example.org,Marketing,Analyst,5783.32,Ukraine
Corey Ford,michelle83@example.com,Marketing,Developer,1097.2,Ukraine
Leslie Myers,mooremichael@example.com,Finance,Developer,6362.19,Poland
Jessica Dalton,joelwilliams@example.org,Marketing,Specialist,6257.87,Poland
Leslie Allen,owenselizabeth@example.com,Marketing,Analyst,9302.37,Poland
Douglas Valentine,flam@example.com,HR,Manager,5347.19,Poland
Paula Novak,leonardcampbell@example.org,HR,Manager,2558.55,Canada
Erin Sweeney,isimpson@example.net,Finance,Analyst,3853.78,Germany
Suzanne Warren DDS,michaeledwards@example.net,Finance,Analyst,3370.7,Germany
Jacob Chandler,angelacastro@example.net,Finance,Coordinator,4862.5,Germany
Jason Werner,andrew41@example.com,Finance,Manager,5964.36,Poland
Donald Lee,gary58@example.org,IT,Specialist,9831.8,Canada
Kathy Martin,michaelwatkins@example.net,Sales,Specialist,3674.36,Germany
Gregory Reyes,karla53@example.org,Sales,Analyst,3121.94,Germany
Monica Compton,vbeck@example.net,IT,Manager,2990.39,Ukraine
Rachel Walsh,rvaldez@example.com,HR,Developer,5605.65,Canada
Tina Estrada,fbrown@example.com,HR,Developer,1997.75,Poland
Richard Lopez,morriskatie@example.org,IT,Specialist,9747.49,Germany
Cameron Glass,yangshannon@example.org,IT,Developer,7656.58,USA
Kelly Ayala,mitchelljulie@example.org,Sales,Specialist,1131.24,Germany
Amanda Jones,fredericksmith@example.com,IT,Manager,2553.02,Germany
Joanna Miller,kimberlyherrera@example.net,Finance,Manager,7973.24,Germany
Shane Maynard,howelltara@example.org,Sales,Developer,1581.56,USA
Jordan Molina,joannabarnes@example.org,Finance,Coordinator,5545.53,USA
Angela Bush,tony16@example.com,IT,Developer,7105.22,Canada
Todd Wheeler,amandafrazier@example.org,IT,Manager,2740.28,Germany
Keith Contreras,warrenmichelle@example.org,Finance,Analyst,3353.15,Ukraine
Scott Brown,morrisjohn@example.com,Sales,Analyst,9542.58,USA
Crystal Ross,danielwarner@example.com,Finance,Developer,9784.51,Germany
Kevin Johnson,peckjoshua@example.com,Finance,Coordinator,4609.78,Germany
Joseph Doyle,amanda93@example.net,HR,Manager,4151.64,USA
Colin Bradford,vrose@example.com,Sales,Manager,5243.75,Canada
Michael Mendez,shawtina@example.com,Sales,Coordinator,4960.52,Canada
Keith Martin,julia10@example.org,IT,Coordinator,7578.92,USA
Amy Gonzalez,marcusjohnson@example.com,Sales,Developer,8659.43,Canada
Olivia Clark,kimberlyclayton@example.net,Finance,Developer,6433.3,Canada
Michael Nelson,aoneill@example.net,IT,Coordinator,7329.98,Canada
Catherine Stewart,corey84@example.com,Sales,Manager,7595.5,Ukraine
Thomas Wall,whitney54@example.org,HR,Coordinator,2665.1,Poland
Dr. Mike Vargas MD,jward@example.com,IT,Coordinator,4142.07,USA
Kimberly Davis,howard01@example.net,HR,Coordinator,6384.94,Ukraine
Justin Salinas,davidthomas@example.org,Finance,Manager,6120.13,Ukraine
Sheryl Lawson,travis79@example.org,HR,Developer,6556.52,Poland
Victor Rodriguez,rtaylor@example.com,Sales,Analyst,3990.73,Canada
Dawn Wilson,dennis82@example.com,HR,Coordinator,7501.54,Canada
Matthew Torres,srichmond@example.org,HR,Manager,4187.88,USA
Julia Schultz,gstephens@example.org,IT,Specialist,1518.54,Poland
Steven Graham,westjason@example.net,Sales,Analyst,4470.17,Germany
James Howard,kaylanelson@example.net,Marketing,Manager,4368.17,Ukraine
Michelle Mcgee,kjohnson@example.org,HR,Coordinator,6033.51,Ukraine
Kari Simpson MD,smithmary@example.org,HR,Specialist,2718.18,Poland
Christina Norman,bryantjohnathan@example.org,IT,Coordinator,4104.84,Canada
David Stephens,lswanson@example.net,Sales,Developer,3477.83,Ukraine
Ms. Diane Hunt,silvakevin@example.com,Finance,Developer,1636.01,USA
Angel Ibarra DVM,karengrant@example.org,Sales,Developer,1497.08,USA
John Lam,rebecca84@example.net,HR,Manager,3782.83,Ukraine
Brian Coleman,holdenjoel@example.org,Finance,Specialist,2922.55,USA
Belinda Peterson,meyersbrett@example.net,Sales,Developer,1086.11,Canada
Michelle Hines,christopher74@example.com,Sales,Developer,4168.98,Poland
Alisha Mccoy,vjackson@example.org,HR,Manager,9412.6,USA
Debra Ramos,kristy81@example.com,Marketing,Manager,8861.8,Canada
Lynn Rivera,yphelps@example.net,Finance,Manager,1135.48,USA
Andre Humphrey,hfisher@example.com,Sales,Developer,5338.68,USA
Kyle Cox,billy57@example.org,HR,Analyst,8592.33,Poland
Matthew Shields,andreayoung@example.net,IT,Manager,1089.98,Canada
Thomas Carr,fowlerlacey@example.net,Marketing,Analyst,9506.67,Poland
Kirk Olson,ocoffey@example.org,Sales,Specialist,1806.05,USA
Angel Garcia,youngemma@example.com,Marketing,Coordinator,8273.6,Poland
William Jenkins,fknight@example.net,Sales,Manager,7263.64,USA
Erika Robinson,rioskendra@example.net,Marketing,Analyst,7611.36,USA
Fernando Kelly,breannamorris@example.com,Finance,Developer,8101.49,Poland
Jessica Baker,nancy87@example.net,Marketing,Developer,5895.52,Germany
Victor Allen,xlara@example.net,Marketing,Coordinator,1223.03,Canada
Wendy Wallace,robert10@example.com,IT,Specialist,5936.24,Canada
Michael Cook,jhill@example.org,Marketing,Developer,1116.27,Canada
John Murray,mwagner@example.net,Finance,Coordinator,7216.47,USA
Jeffrey Weiss,angelamiller@example.net,Sales,Developer,6775.41,Germany
Cameron Nguyen,danielalvarez@example.org,IT,Analyst,6133.09,Poland
Julia Thomas,christopherbaker@example.net,Finance,Developer,5820.57,Canada
Jessica Torres,ibishop@example.com,IT,Manager,7871.53,Poland
Aaron Kline,nrobinson@example.com,HR,Developer,6180.77,Canada
Matthew Brown,dkidd@example.com,IT,Manager,5138.53,Germany
Mr. Edwin Miller,martinezjohn@example.com,Marketing,Specialist,4013.48,Germany
Zachary Montgomery,efranklin@example.com,Finance,Developer,6543.76,Poland
Sharon Cunningham,qscott@example.net,Sales,Coordinator,6667.63,Germany
Patrick Goodwin,clarkjessica@example.org,Marketing,Developer,4858.84,Germany
Brian Miller,btaylor@example.net,IT,Coordinator,6421.87,Canada
John Fitzpatrick DDS,johncarson@example.com,IT,Coordinator,8309.49,Ukraine
Colleen Greene,matthew17@example.com,Marketing,Manager,7760.41,Canada
Joseph Roberts,calhounbeth@example.com,Marketing,Manager,8766.09,Canada
Stephanie Pittman,amills@example.com,HR,Manager,5844.84,USA
Michael Wilson,kristinafriedman@example.org,Finance,Analyst,3497.21,Canada
Robert Hodges,timothy94@example.net,Finance,Manager,2624.88,USA
Deanna Vance,clee@example.net,HR,Developer,1268.78,Canada
Kelly Green,goodjoel@example.net,Marketing,Specialist,8293.97,USA
Tonya Evans,ricky53@example.net,HR,Coordinator,2047.31,Poland
Jennifer Carter,mayomary@example.org,Finance,Manager,5083.73,Germany
Mr. Jim Gay,dwalls@example.net,HR,Coordinator,8700.9,USA
Jodi Mcmahon,anna53@example.com,IT,Specialist,3824.69,Poland
Steven Williams,william66@example.net,Marketing,Specialist,9151.64,Germany
Tammy Goodman,terrence32@example.net,IT,Coordinator,3483.72,USA
James Graves,bakersheri@example.com,HR,Analyst,4787.88,USA
Robert Austin,daniel53@example.org,Finance,Developer,6285.97,USA
Michael Gordon,riveraderek@example.com,Finance,Analyst,9023.96,Poland
Luke Steele,tina50@example.com,Marketing,Analyst,9738.82,Ukraine
Jasmine Martinez,robinsondonna@example.net,HR,Manager,2015.92,Ukraine
Shannon Patterson,annacline@example.net,Marketing,Developer,1505.61,Germany
Joshua Cole,maria53@example.net,Finance,Manager,2257.38,Poland
Jasmine Harper,eugenemiller@example.net,IT,Manager,9656.6,Canada
Kaitlin Sexton,wigginsandrew@example.net,Sales,Specialist,8081.34,Ukraine
William Wilson,saragarcia@example.org,Sales,Developer,5136.53,Poland
Shawn Shaw,vargasmichael@example.com,Sales,Specialist,7196.74,USA
Madeline Schwartz,suttonjason@example.org,HR,Developer,6899.44,USA
Bernard Pratt,cynthia80@example.net,IT,Developer,1375.22,Poland
Katrina Lambert,toddrosario@example.com,Marketing,Coordinator,8812.02,Canada
Jon Poole,maria10@example.net,IT,Manager,8039.34,USA
Paul Barry,mistytownsend@example.com,Finance,Coordinator,4579.34,Poland
Roberto Thomas,rperez@example.net,Marketing,Specialist,7923.32,USA
Melinda Ewing,brittanystafford@example.org,Sales,Coordinator,7932.81,USA
April Sanders,patrick62@example.org,Sales,Analyst,1060.05,Canada
Monica Dudley,lamseth@example.net,Marketing,Manager,2833.99,USA
Kathleen Anderson,nbrooks@example.org,IT,Manager,2744.93,Poland
Tony Williams,christopher81@example.com,HR,Specialist,2990.75,Poland
Eric Eaton,jonesmiranda@example.net,IT,Manager,2592.79,Poland
Dennis Stokes,megan67@example.com,Sales,Analyst,1878.41,Germany
Joshua Garrison DDS,michaeljohnson@example.net,HR,Developer,7921.95,Poland
Robin Hogan,ruizjack@example.net,Finance,Developer,8461.8,Ukraine
Melinda Jenkins,stephen62@example.org,HR,Specialist,1059.24,Ukraine
Rebecca Caldwell,mccormickronald@example.com,Sales,Manager,2795.3,Poland
Charles Smith,smithkristina@example.net,Marketing,Analyst,2200.88,Poland
Kaitlyn Howard,rossgomez@example.org,IT,Analyst,7062.61,Canada
Benjamin Galvan,becky30@example.org,Marketing,Developer,4370.81,Germany
Steven Evans,jessicareyes@example.org,IT,Specialist,3569.36,Germany
Frank Brooks,amanda06@example.org,IT,Manager,9013.65,Poland
Kathy Hutchinson,michael97@example.net,IT,Specialist,4849.69,Canada
Pamela Williams,krose@example.org,Sales,Manager,5931.59,Ukraine
William Mccann,danielsmichael@example.org,Finance,Coordinator,5005.15,USA
Brooke Jordan,mooremelanie@example.org,Sales,Developer,7348.2,Germany
Joshua Meadows,burkedaniel@example.com,Finance,Analyst,8203.41,Ukraine
Joseph Black,heidiscott@example.org,HR,Manager,7789.6,Poland
Crystal Woodard,ryan18@example.org,Finance,Specialist,1923.42,USA
Kelly Cole,alvarezsean@example.com,Finance,Coordinator,1338.39,Canada
Brandon Richardson,brooksaaron@example.com,Sales,Manager,1254.57,USA
Jordan Jones,davilabrittney@example.org,Finance,Analyst,6888.78,USA
Denise Andrews,williamthomas@example.com,Marketing,Manager,7512.29,USA
Brianna Williams,iflores@example.org,Finance,Analyst,8435.93,Ukraine
Richard Ford,jasonmorales@example.net,Marketing,Analyst,9888.37,Germany
Mark Collins,perezcarrie@example.net,Sales,Coordinator,6789.68,Germany
Donald Williams,stephenhester@example.net,IT,Developer,9895.42,USA
Cassie Stevens,kathryn37@example.net,Finance,Analyst,1036.89,Canada
John Vargas,hprice@example.org,Marketing,Developer,6035.21,Poland
Daniel Clark,sperkins@example.net,Sales,Specialist,6063.22,Canada
Amy Charles,ajensen@example.net,IT,Analyst,1846.77,Canada
Linda Murillo,masonmelvin@example.org,IT,Developer,8604.67,Poland
Marissa Mullins,jonessara@example.net,Marketing,Coordinator,2366.19,USA
Sandra Matthews,lcruz@example.net,IT,Manager,7860.71,Canada
Margaret Vega,marissa98@example.net,HR,Coordinator,4939.18,Canada
Nicholas Reeves,qhernandez@example.net,IT,Specialist,8918.95,Ukraine
Jonathan Whitehead,jenkinsmiguel@example.org,Marketing,Developer,9614.21,USA
Emily Gregory,cpham@example.org,Sales,Developer,4468.42,Ukraine
Alexandria Weber,kingsierra@example.com,HR,Specialist,2021.12,Canada
James Lopez,chad12@example.org,Marketing,Manager,6477.52,Poland
Elizabeth Hernandez,christine53@example.org,Sales,Analyst,2911.25,Ukraine
Joseph Bright,bcabrera@example.net,HR,Developer,4443.98,USA
Justin Johnson,dana38@example.com,IT,Analyst,2771.97,USA
Laura Brooks,michaelfrench@example.com,Sales,Developer,2978.77,Ukraine
Jeremiah Whitaker,wallacejoanne@example.com,IT,Specialist,7507.86,Germany
David Poole,andrew07@example.org,Finance,Developer,6586.89,Germany
Barbara Rogers,vdean@example.org,HR,Specialist,6006.83,Canada
Steven Flowers,ymarks@example.org,HR,Analyst,4855.65,USA
Mark Briggs,jillcochran@example.org,Sales,Specialist,2507.48,Ukraine
Sheila Paul,mariasteele@example.org,Finance,Specialist,6428.2,Ukraine
Michael Burke,qmartinez@example.org,Sales,Developer,8197.35,Poland
Christian Porter,rmitchell@example.org,IT,Manager,4408.21,USA
Justin Cordova,jwalters@example.net,IT,Manager,3038.42,USA
Donna Rios,qwalker@example.org,Finance,Manager,4640.98,Canada
Brandon Flores,erichardson@example.net,Sales,Coordinator,3198.87,USA
Kristina Jones,jennifer39@example.org,Finance,Coordinator,8554.83,Poland
Bobby Martinez,smithheidi@example.net,HR,Specialist,4317.84,Canada
Richard Stokes,gwendolynrobertson@example.org,Sales,Manager,2662.86,Ukraine
Donna Nelson,pedro14@example.net,Marketing,Coordinator,8453.5,Poland
Edward Harris,suzannesmith@example.com,HR,Coordinator,5629.7,Germany
Janice Phillips,barajascaitlin@example.com,Marketing,Coordinator,7793.62,Poland
Danielle Schwartz,jamie10@example.com,Finance,Coordinator,6362.9,Poland
Peter Brown,hoffmankrista@example.org,Marketing,Specialist,8469.05,Ukraine
Shelly Peck,eric22@example.com,Finance,Developer,7901.78,Germany
Monique Ford,gregory55@example.com,IT,Analyst,6310.35,Ukraine
Eric Martinez,davidthompson@example.net,Marketing,Specialist,3922.26,Ukraine
Jeffrey Burgess,phansen@example.org,Marketing,Specialist,5331.79,Canada
Sarah Barber,jessica07@example.net,Sales,Analyst,1705.79,Canada
Leonard Ali,jenniferjones@example.net,Marketing,Developer,8078.58,Canada
Alexa Williams,waguilar@example.net,Marketing,Developer,6613.96,Canada
Angela Kline,mkelley@example.com,Finance,Manager,9505.57,Canada
Christopher King,wflores@example.net,HR,Manager,9423.96,USA
Brent Edwards,adamroach@example.net,Finance,Specialist,1517.22,Canada
Amanda Erickson,bowmaneric@example.com,HR,Developer,8278.74,Germany
Dominic Olson,fitzpatrickmelissa@example.com,HR,Developer,5588.13,Ukraine
Christina Gross,michael60@example.net,Marketing,Coordinator,8568.4,Canada
Frederick Scott,donna38@example.net,HR,Coordinator,3729.98,Ukraine
William Johnson,jmiller@example.org,HR,Developer,9954.07,Germany
Lee Norman,sperry@example.org,Marketing,Analyst,6410.31,Ukraine
Mary Peck,christinahudson@example.net,Sales,Manager,7373.06,Germany
Sherry Brown,slopez@example.com,HR,Analyst,7486.12,Poland
Amber Pitts,nicole81@example.org,Marketing,Developer,6479.78,Germany
Rachel Williams,michael40@example.org,Finance,Specialist,4563.58,Canada
Claudia Schaefer,cynthiahoward@example.org,HR,Coordinator,4409.13,USA
Melanie Hill,wallacerenee@example.org,Sales,Coordinator,3779.39,Ukraine
Thomas Gordon,rachelrobinson@example.com,HR,Manager,9310.28,Ukraine
Carol Rocha,damon68@example.com,Marketing,Specialist,1361.5,Canada
Nancy Clark,ylee@example.org,IT,Developer,8344.92,Poland
David Bradshaw,msandoval@example.com,Sales,Manager,8068.29,Ukraine
Cheyenne Simmons,elizabethvelazquez@example.com,IT,Analyst,5167.62,Germany
Colin Martinez,loganjohnson@example.com,IT,Analyst,6300.02,Ukraine
Catherine Russell,dan52@example.com,Marketing,Analyst,2794.78,Canada
Danielle Woodard,jeffreyparks@example.com,IT,Manager,5299.37,Poland
Christopher May,fsmith@example.com,Sales,Coordinator,8203.4,Canada
Deborah Thompson,dunnveronica@example.com,HR,Developer,7715.35,Ukraine
Joshua Fuller,brentedwards@example.org,Sales,Analyst,1887.88,Ukraine
Michael Baker,jacquelineweaver@example.org,HR,Coordinator,9660.96,Canada
Katelyn Morris,justin66@example.org,HR,Manager,7501.49,Ukraine
Cory Woods,brendanichols@example.net,Finance,Manager,7350.05,Germany
Julia Kelly,patriciasherman@example.net,Sales,Developer,3457.46,USA
Joseph Russell,lopezmike@example.net,Sales,Developer,5276.64,Canada
Kim Combs,john07@example.net,Marketing,Developer,4731.47,Ukraine
Linda Miller,edwardsmichelle@example.org,IT,Developer,7181.94,Canada
Matthew Adams,laura18@example.org,HR,Specialist,3611.21,Canada
Carolyn Galloway,bowmanamy@example.com,IT,Specialist,2450.37,USA
Victoria Wright,lindseyjessica@example.net,Sales,Coordinator,1665.61,Germany
Rachel Melendez,sherry36@example.com,Marketing,Specialist,5423.73,Canada
Emily Brewer,lauriepope@example.com,IT,Developer,8566.96,Canada
Bradley Duffy,davisalexandria@example.com,HR,Developer,2180.09,Canada
Dalton Collins,erica10@example.net,HR,Manager,4162.72,Canada
Raymond Porter,urodriguez@example.net,Finance,Analyst,3796.8,USA
Mrs. Kimberly Colon MD,tylerryan@example.net,IT,Specialist,5129.21,USA
Sara Lucas,cindytaylor@example.org,Marketing,Manager,1889.47,Poland
Emily Miller,colemansteven@example.net,Marketing,Coordinator,2417.94,Germany
Sarah Rocha,alanhouston@example.com,IT,Specialist,5994.02,USA
Linda Wells,charlescarlson@example.net,IT,Analyst,4057.59,Canada
Jay Burns,kcook@example.org,Finance,Coordinator,3734.45,Poland
Peter Martinez,tracybrown@example.net,Finance,Manager,1258.49,Ukraine
Casey Cobb,ashleyaguilar@example.com,Sales,Analyst,1487.94,Ukraine
Anna Bradley,kramerandrew@example.org,Marketing,Analyst,7006.76,USA
Ryan Garza,wrightjames@example.org,Sales,Coordinator,5916.5,USA
Daniel Werner,andersonapril@example.org,Sales,Specialist,5169.04,Canada
Tyrone Tate,amandamurphy@example.org,Sales,Specialist,2337.85,Germany
Kyle Robinson,costajustin@example.org,HR,Developer,7186.71,Ukraine
Jim Jimenez,mckinneyautumn@example.net,Sales,Analyst,3958.96,Canada
Sean Miller,iharris@example.org,Finance,Developer,9660.06,USA
Nicole Ross,amber02@example.net,Marketing,Coordinator,7947.07,Poland
Mike Stanton,epatterson@example.com,Finance,Specialist,5148.67,Canada
Jerry Peterson,jessica93@example.net,Marketing,Developer,3245.46,Poland
Shelby Newton,danieltrevino@example.net,Finance,Developer,4764.4,Canada
Gabriel Rice,ashley22@example.com,IT,Specialist,4659.2,Germany
Sue Baird,swilkins@example.com,Finance,Specialist,8217.26,Canada
Linda Wilson,smithwanda@example.org,IT,Analyst,8317.75,Germany
Elizabeth Mullins,davidperkins@example.org,Sales,Developer,1154.22,Canada
Rhonda Short,susan27@example.net,Sales,Manager,3285.62,USA
Theresa Kim,ojimenez@example.com,Finance,Manager,3822.37,Germany
Kelly Sanders,cervantesbrandy@example.net,Sales,Manager,9293.48,USA
Michael Wang,amyhudson@example.org,Sales,Analyst,6387.02,Ukraine
Kevin Hunt,cherylmorgan@example.com,Marketing,Developer,5962.37,Canada
Keith Stone,christophermoore@example.net,Finance,Developer,8219.71,Germany
Olivia Moreno,austin24@example.com,HR,Coordinator,9143.13,Poland
John Lloyd,walkerkatie@example.net,HR,Developer,6030.94,Canada
Derek Smith,skinnerdavid@example.org,Marketing,Analyst,9788.2,Ukraine
Ralph Bell,hallwilliam@example.net,HR,Manager,5812.19,Germany
Jennifer Duarte,heather94@example.net,Marketing,Manager,2972.56,Canada
Martin Craig,miranda77@example.org,Marketing,Specialist,2279.4,Poland
Tiffany Logan,haleycohen@example.com,HR,Coordinator,3901.92,Canada
Molly Morrison,emullins@example.net,IT,Developer,2430.12,Germany
Victoria Hunt,bobby26@example.org,HR,Specialist,2123.78,Canada
Wendy Rivera,glen53@example.org,Sales,Analyst,8940.8,Canada
Elizabeth Schaefer,robertsmichael@example.com,Finance,Specialist,4163.23,Germany
Keith Garza,felicia16@example.org,IT,Specialist,3205.17,Ukraine
Samuel Morrison,travisgonzalez@example.net,HR,Analyst,2739.85,USA
Aaron Jones,zlong@example.com,HR,Developer,9792.15,Poland
Daniel Johnson,bmcdowell@example.net,IT,Developer,6718.81,USA
Jennifer Oconnor,zperez@example.com,IT,Specialist,1105.91,Canada
Christina Valencia,espinozajennifer@example.org,HR,Coordinator,1231.61,Poland
Daniel Blankenship,brightjorge@example.org,Marketing,Developer,3317.67,Germany
Savannah Carpenter,qlewis@example.org,Sales,Specialist,8110.98,Germany
Jennifer Davis,gregoryemily@example.com,HR,Coordinator,7676.98,Canada
Kristin Nolan,pgarcia@example.com,Sales,Specialist,9342.24,Ukraine
Alice Doyle,timothy75@example.org,HR,Manager,3484.89,Canada
William Brown,lewiserica@example.net,IT,Developer,7834.79,Germany
Dillon Reed,juliabates@example.com,HR,Developer,5938.12,Germany
Jennifer Liu,susanstephens@example.org,Sales,Coordinator,3291.1,Ukraine
Frank Clark,rjones@example.net,Sales,Coordinator,8719.48,Ukraine
Jessica Davis,cruzkristen@example.org,HR,Manager,6875.98,Canada
Paul Villarreal,cheryl13@example.org,HR,Analyst,8843.89,Germany
Latasha Gray,kaiserrobert@example.org,Finance,Manager,2856.11,Germany
Darren Olson,matthewscott@example.net,Sales,Developer,1602.49,Germany
Susan Harvey,amandacarlson@example.net,IT,Coordinator,6350.92,Canada
Nicholas Ford II,michelle86@example.org,IT,Developer,6968.56,USA
Christina Rosario,christian51@example.com,Sales,Analyst,8376.86,Ukraine
Brandi Rodriguez,zsanders@example.com,Sales,Specialist,9420.82,USA
Dr. Michelle Mitchell,caincarla@example.com,HR,Developer,4459.36,Poland
Angel Hurley,tricia61@example.com,HR,Specialist,5980.28,Canada
Alexandria Anderson,ingramjames@example.org,Finance,Analyst,7304.92,Canada
Ryan Cole,william73@example.com,Sales,Coordinator,6094.81,Canada
Stacy Adams,laurashea@example.org,Finance,Specialist,8652.14,Ukraine
Susan Lewis,smithcolin@example.net,IT,Specialist,2427.48,USA
Jonathan Lowery,ynguyen@example.org,Sales,Analyst,1258.44,USA
David Turner,thomas61@example.org,IT,Manager,8797.46,Germany
Robert Garcia,tsalazar@example.net,IT,Coordinator,3573.58,Poland
Kenneth Norman,sanchezseth@example.org,HR,Specialist,3987.78,Germany
Bruce Freeman,kara16@example.org,HR,Analyst,3908.04,Poland
Natalie Savage,cnewman@example.net,IT,Analyst,6778.63,Germany
Laura Martinez,uwalters@example.org,Finance,Specialist,1500.3,Poland
Elizabeth Higgins,mstevens@example.com,HR,Manager,6620.9,Canada
Rebecca Frazier,raymondcunningham@example.com,HR,Coordinator,5002.82,Germany
Sarah Marks,kcooper@example.net,Sales,Coordinator,5877.41,Canada
Thomas Weaver,susanbyrd@example.net,Marketing,Coordinator,3119.64,Germany
Mckenzie Lewis,jeremyjones@example.com,Finance,Analyst,6485.84,Poland
David Simpson,emily47@example.net,IT,Specialist,6478.32,Canada
Robert Wade,lauriekoch@example.org,Sales,Manager,5054.8,Poland
Adam Woods,brittanymorales@example.net,IT,Specialist,4903.78,Ukraine
Alexandra Clark,anthony00@example.net,Sales,Manager,7506.53,Canada
Michael King,pboyd@example.com,IT,Coordinator,7051.53,Poland
Gary Chase,jacksonjessica@example.net,IT,Coordinator,8369.84,Canada
Courtney Larsen,qsantos@example.org,Sales,Manager,8654.99,Poland
Richard Weaver,tony82@example.net,HR,Developer,1565.65,Canada
Cassandra Hebert,rogerhughes@example.com,Finance,Analyst,5373.75,USA
Sharon Dunn,zhenderson@example.org,Sales,Analyst,4132.69,Canada
Anthony Johnson,amyellis@example.com,Marketing,Developer,9048.05,Poland
Erica Mendoza,ebryan@example.com,Sales,Specialist,6439.41,Canada
Rebecca Adams,wford@example.org,IT,Analyst,6674.78,Ukraine
Isaac Mcintosh,woodwardtaylor@example.net,Finance,Coordinator,6210.91,USA
Dustin Martin,ooneill@example.com,Finance,Specialist,8244.08,Ukraine
Karen Ortega,rogersmichael@example.org,Marketing,Developer,8521.22,Germany
Brandy Norris,francissean@example.net,IT,Coordinator,8140.96,Poland
David Brown,lewiswilliam@example.net,Sales,Manager,3066.65,Poland
Isabella Villa,wagnernatasha@example.com,Finance,Specialist,9536.6,Canada
Anthony Clark,vdyer@example.com,IT,Manager,6766.77,Ukraine
Nicole Smith,hnovak@example.com,IT,Specialist,2297.86,USA
Jimmy Anderson,hholland@example.net,Finance,Coordinator,4266.86,USA
Michelle Smith,wilsonalexandra@example.net,Finance,Developer,7151.74,Canada
Joel Preston,htaylor@example.net,Finance,Coordinator,7353.19,Ukraine
Jeremy Watkins,olucas@example.com,Marketing,Manager,4460.62,Ukraine
Kelsey Miller,donald49@example.org,HR,Developer,6337.92,Canada
Margaret Mercer,efreeman@example.net,HR,Analyst,9536.85,Canada
Caroline Rios MD,taylorthompson@example.net,HR,Analyst,1144.25,Germany
Jennifer Smith,christy45@example.com,Sales,Analyst,4779.42,Ukraine
Dr. Kimberly Harris,tammieadams@example.net,Finance,Specialist,2735.01,Germany
Pamela Schroeder,taylorbrown@example.com,Sales,Analyst,9579.25,Canada
Luis Mitchell,walkermary@example.org,Sales,Specialist,8852.44,Poland
Leslie Hinton,kathy24@example.net,Sales,Analyst,2097.79,Germany
Jake Simmons,craig69@example.com,Marketing,Developer,6444.59,Poland
Michelle Walter,markreese@example.org,Sales,Manager,2901.21,Poland
Angela Rivas,osmith@example.net,Finance,Analyst,4686.04,USA
Lori Hammond,daniel93@example.com,Finance,Coordinator,3916.12,Poland
Gregory Tucker,nancyball@example.org,HR,Developer,6219.25,Germany
Phillip Williams,bharrison@example.org,Sales,Coordinator,2590.74,Canada
Mary May,james08@example.com,HR,Specialist,6195.39,Ukraine
Briana Anderson,pmartin@example.org,Marketing,Manager,2202.43,Canada
Leslie Cooper,dblackburn@example.net,Sales,Specialist,3721.51,Ukraine
Billy West,dillonanthony@example.com,Sales,Manager,5340.27,Poland
Savannah Franklin,mosleycatherine@example.org,Finance,Manager,6650.7,Germany
Russell Boone,littletina@example.net,Marketing,Specialist,5769.2,Germany
Heather Scott,eschmidt@example.net,Marketing,Analyst,9429.95,Ukraine
Julie Oconnor,ayalabrandi@example.org,Finance,Analyst,3316.55,Poland
Michelle Anderson,robert96@example.org,HR,Manager,1554.64,Canada
Barry Combs,turnerdarrell@example.net,Sales,Analyst,8305.21,Ukraine
Ricardo Duke,albertsnyder@example.org,HR,Developer,8971.68,Canada
Caitlin Arnold,benjamin73@example.com,HR,Manager,5276.78,Poland
Alan Hansen,jennyanderson@example.net,Sales,Coordinator,7088.32,Poland
Mrs. Susan Watson MD,raymond54@example.net,Sales,Developer,3408.41,Canada
Sherri Brown,markssierra@example.net,IT,Manager,6802.6,Canada
Kristina Colon,kdixon@example.com,Finance,Coordinator,7123.75,Poland
Michael Ward,mackenziedavis@example.com,IT,Specialist,1342.46,USA
Julie Russell,makayla99@example.com,HR,Manager,6970.32,Canada
Jeremiah Cox,jlewis@example.net,IT,Developer,3848.71,Canada
Sean Campbell,sgray@example.com,Finance,Developer,4999.1,Ukraine
Lisa Gonzalez,joseph18@example.com,HR,Analyst,3776.53,Poland
Pamela Garcia,debramcdaniel@example.net,HR,Developer,2296.17,Poland
Margaret Austin,hunterlori@example.net,Sales,Analyst,4951.16,Poland
Joe Frey,andersondaniel@example.org,IT,Analyst,6574.11,Poland
Melissa Rose,brandonanderson@example.com,IT,Coordinator,3468.13,Ukraine
Mario Johnson,annette00@example.com,Finance,Analyst,5799.86,Germany
Autumn Reynolds,grodriguez@example.net,IT,Coordinator,9575.69,Ukraine
Denise Hensley,paul20@example.org,IT,Specialist,7816.25,Germany
David Martinez,davidmyers@example.net,Finance,Specialist,9075.37,Canada
Kristen Mcdowell,jordan44@example.net,IT,Manager,4693.94,Poland
Jason Brown,davisannette@example.net,HR,Developer,2759.42,Poland
Janice Bowman,sheriscott@example.com,Sales,Manager,8769.68,Poland
Robert Avery,taylorcatherine@example.org,Finance,Developer,2175.05,USA
Andrew Brown,johnsonjohn@example.net,HR,Manager,4391.25,Ukraine
Travis Munoz,nicolesmith@example.org,IT,Developer,9020.81,USA
Eric Ray,brownadam@example.com,Marketing,Developer,7654.62,Ukraine
Victor Gonzalez,robinsondarin@example.org,HR,Developer,9990.9,Poland
Jonathan Taylor,amberwright@example.net,Marketing,Specialist,6425.42,Canada
Rachel Jackson,denisecallahan@example.com,HR,Developer,5667.66,Germany
Michael Brown,birdashley@example.com,IT,Coordinator,8500.46,Poland
Dr. Leah Avila,starkcheryl@example.net,Finance,Developer,2136.53,Ukraine
Julia Young,pcoleman@example.com,Sales,Developer,5617.98,Ukraine
Aaron Martin,jose00@example.net,IT,Coordinator,5432.71,Ukraine
Alan Lee,cooperomar@example.com,Finance,Developer,5800.29,Ukraine
Joseph Juarez,shernandez@example.net,Sales,Manager,3197.67,USA
William Ross,jeffrey53@example.org,Sales,Coordinator,5587.64,Germany
Thomas Daniels,adam88@example.org,HR,Analyst,7381.01,Germany
William Lopez,elliswhitney@example.com,IT,Manager,3014.98,Canada
Mackenzie Lang,sonyasmith@example.com,HR,Analyst,9265.06,USA
Cynthia Humphrey,orojas@example.net,Marketing,Coordinator,6815.49,Canada
Rachel Caldwell,whitemichael@example.org,Finance,Manager,7404.06,Germany
Scott Johnson,allisonjames@example.org,IT,Developer,1112.34,Germany
Jamie Smith,carlos14@example.org,HR,Analyst,3364.22,Ukraine
Justin Salinas,trevorlopez@example.org,Sales,Developer,7587.6,Canada
Andrea Rojas,forddavid@example.com,HR,Analyst,4345.32,Germany
Matthew Carson,george65@example.net,Sales,Coordinator,6179.15,Canada
Gloria Swanson,chentyler@example.com,HR,Manager,7727.52,Ukraine
Jessica Schultz,fraziererika@example.net,Sales,Coordinator,7948.25,Canada
William Aguilar,william42@example.com,HR,Developer,7996.42,Ukraine
Jeffrey Rodriguez,zfletcher@example.com,Finance,Specialist,2291.45,USA
Trevor Phillips,nicholasthomas@example.net,Marketing,Manager,8292.96,Germany
Kelly Cook,patriciahall@example.org,HR,Coordinator,5262.76,USA
Matthew Martin,perezsamantha@example.net,IT,Manager,9315.21,Canada
Todd Bullock,andrew32@example.net,IT,Coordinator,6721.65,USA
Sherry Johnson,kimberly27@example.org,Finance,Manager,3185.03,Canada
Amanda Tapia,jessica52@example.org,Marketing,Developer,1767.09,Ukraine
Keith Hester,michael75@example.net,Sales,Analyst,8051.42,Canada
Brent Marshall,brandon98@example.net,Sales,Manager,4243.42,Poland
Linda Evans,rogersmadison@example.com,HR,Coordinator,8359.78,USA
Steven Schultz,mckinneyashley@example.net,Marketing,Developer,3900.46,Ukraine
Bryan Rodriguez,richardjacobson@example.org,Finance,Manager,3862.07,Canada
Emily Miles,thomas15@example.org,Sales,Developer,7566.77,Ukraine
Kelly Mullins,brenthall@example.com,Finance,Developer,2914.84,Ukraine
Jason Harris,alex67@example.com,Sales,Analyst,6563.67,Ukraine
Kelly Bell,masonkathleen@example.org,Marketing,Manager,7085.24,Poland
Deborah Aguilar,heidicox@example.com,HR,Developer,7451.22,Poland
Colin Hansen,jordanbrian@example.net,IT,Developer,8098.4,Ukraine
Joseph Davis,wuwanda@example.org,IT,Developer,8755.68,USA
Danielle Gill,erinbell@example.org,Finance,Developer,2205.47,USA
Gerald Johnson,dhoover@example.org,Sales,Coordinator,4093.22,USA
Gregory Pratt,jesseanderson@example.net,Marketing,Specialist,8861.43,Canada
Trevor Coleman,bethanymendez@example.com,Marketing,Coordinator,5109.11,USA
Michael Russell,kristinalloyd@example.com,IT,Coordinator,8057.96,Germany
Charles Flynn,juanrice@example.org,Finance,Manager,6370.22,Poland
Jason Dennis,mlewis@example.net,Marketing,Analyst,4966.93,USA
Sarah Johnson,obrienshawn@example.org,HR,Manager,6840.39,Ukraine
Henry Tyler,ashley81@example.com,Sales,Specialist,9772.5,Canada
John Jones,garciakarl@example.net,IT,Analyst,4848.78,Germany
Elaine Scott,prattphillip@example.org,HR,Developer,7240.75,USA
Thomas Cummings,derrick36@example.net,Sales,Developer,3055.18,Poland
Joseph Holmes,rebeccacochran@example.org,IT,Manager,8510.0,Poland
Aimee Smith,anthony83@example.org,Finance,Coordinator,7387.36,Canada
Sherri Huerta,rangelanthony@example.net,Sales,Coordinator,1450.2,Canada
Nathan Mueller,bartlettluis@example.com,Sales,Developer,9447.88,Ukraine
Kimberly Delacruz,morganalexandria@example.org,Finance,Specialist,7113.21,Canada
Brendan Brown,hillwilliam@example.com,Sales,Developer,9573.1,Poland
Christy Garcia,timothy62@example.org,HR,Analyst,8875.39,Poland
Kevin Wyatt,perezjason@example.org,Sales,Developer,4619.88,Ukraine
Timothy Peterson,edwardsmadison@example.com,Sales,Specialist,6987.43,Germany
Jeffrey Wallace,joyce73@example.com,Finance,Specialist,1527.15,Germany
David Davis,mcleandebra@example.net,HR,Developer,1398.07,Canada
Diane Jones,elizabeth23@example.org,HR,Specialist,4125.72,Canada
Alicia Marsh,tiffanywinters@example.com,Finance,Manager,4684.11,Poland
James Leonard,buckjamie@example.org,IT,Manager,5160.99,Canada
Samuel Wood,kendra80@example.org,Finance,Specialist,9409.71,USA
Victoria Nelson,melissa44@example.com,Sales,Analyst,1473.02,Germany
Olivia Wallace,lynn34@example.org,Sales,Manager,1383.97,Canada
Maria Russell,josephtaylor@example.net,HR,Analyst,4677.89,Poland
Tonya Gray,smithelizabeth@example.com,Sales,Analyst,9426.51,Poland
Victoria Jackson,dawnanderson@example.com,Sales,Coordinator,2455.51,Poland
Christopher Anthony,qwilliams@example.org,IT,Developer,7886.86,Poland
Jose Andrews,sabrinadurham@example.net,Finance,Developer,2560.81,Ukraine
Robert Taylor,duartejeanne@example.com,HR,Manager,4744.62,Ukraine
Elizabeth Crawford,justin37@example.org,HR,Analyst,5460.55,Poland
Dana Bailey,chenderson@example.com,Finance,Specialist,9876.44,Ukraine
Stacy Gibson,sharongarrett@example.com,HR,Developer,8535.26,USA
Shelley Alexander,kbenton@example.net,IT,Manager,9255.38,USA
Leslie Joseph,yadams@example.org,Finance,Manager,2730.16,Canada
Chelsea Dunn,krobinson@example.com,Marketing,Coordinator,4509.26,Germany
Cody Johnson,diane07@example.net,IT,Manager,1707.64,Ukraine
Jeffrey Holland,kristenfleming@example.net,HR,Coordinator,2116.1,Germany
Angelica Jacobs,murphyrobert@example.com,Marketing,Coordinator,7110.25,Ukraine
Jo Jones,lowerick@example.com,Sales,Manager,1053.09,USA
Sean Bonilla,ortizchristopher@example.org,Finance,Manager,1116.37,Germany
Michelle Swanson,christyferguson@example.com,IT,Analyst,2823.9,Ukraine
Brandon Bradford,walterlamb@example.net,Sales,Specialist,1072.73,USA
Laura Monroe,elizabethbanks@example.net,Finance,Coordinator,9745.8,Canada
Jessica Le,hpalmer@example.org,IT,Manager,3263.36,Poland
Samantha Thomas,anthonysteven@example.org,IT,Coordinator,2515.17,USA
Lisa Williams,stoutheather@example.org,HR,Coordinator,2954.57,Poland
Andrew Lewis,davidpayne@example.org,Sales,Analyst,9045.46,Canada
Hannah Richards,hendricksalexander@example.org,IT,Coordinator,8558.04,USA
Michael Atkinson,jasmine12@example.org,Finance,Developer,3492.88,Canada
Joseph Martin,theresaadams@example.com,Marketing,Developer,6034.06,Canada
Sheila Gonzalez,jamestaylor@example.net,Sales,Analyst,1823.6,Germany
Jackson Morgan,rickydunlap@example.net,HR,Manager,8680.06,Poland
Brian Morris,fsosa@example.org,IT,Developer,5177.06,USA
Zachary Anderson,phorn@example.net,Finance,Coordinator,9295.67,Germany
Caitlin Crawford,kevinweaver@example.org,HR,Manager,8812.66,Poland
April Larsen,ucooper@example.org,Finance,Manager,9170.65,Poland
Brenda Boyd,christopher22@example.org,Finance,Developer,3408.27,Canada
Lisa Russell,msmith@example.org,HR,Developer,7451.56,Germany
Sergio Berry,cheyennewebster@example.com,HR,Coordinator,5800.05,Canada
William Li,mhopkins@example.org,Finance,Developer,2340.43,Canada
Kimberly Stanley,uchavez@example.com,HR,Developer,3330.08,Ukraine
Joshua Lee,irobertson@example.com,Marketing,Coordinator,5238.14,Canada
Joshua Aguilar,chaneymark@example.org,IT,Manager,2340.88,Canada
Kayla Ruiz,deborahibarra@example.net,IT,Specialist,9997.51,Ukraine
Alex Jones,ericoneal@example.org,Finance,Coordinator,1049.44,Poland
Ann Banks,taylorcooper@example.net,Sales,Developer,1191.46,Canada
Jessica Baker,monica24@example.org,Finance,Manager,2463.54,USA
Timothy Blake,mchen@example.com,IT,Developer,9785.77,Canada
Noah Tran,rioskristie@example.org,Sales,Manager,3165.18,Canada
Beverly Diaz,taylorjackson@example.org,Sales,Analyst,8040.07,USA
Lisa Gomez,chelsea60@example.net,Marketing,Specialist,3132.41,Canada
Pamela Obrien,mccarthyjennifer@example.net,IT,Developer,7280.66,Canada
Robert Mendoza,christinashaw@example.org,Marketing,Analyst,6443.7,Ukraine
Edwin Phillips,jessicacarrillo@example.net,Finance,Analyst,7463.31,Poland
Matthew Johnson,spencejacqueline@example.net,HR,Specialist,5141.13,Germany
Megan Chan,christina51@example.net,Finance,Developer,3084.37,Germany
Ashley Singleton,jessicabush@example.net,Sales,Specialist,5641.97,USA
Timothy Rogers,danielle53@example.org,Finance,Analyst,4466.71,Poland
Nicole Hart,denise05@example.com,HR,Developer,5383.61,Poland
Daniel Thompson,erivas@example.com,Sales,Analyst,5294.06,Ukraine
Michael Delgado,zwatson@example.org,Finance,Analyst,4442.75,USA
Sherri Dunn,douglasmichael@example.org,Finance,Developer,3118.13,Poland
Amy Miller,jordanwilson@example.net,Finance,Manager,3571.99,USA
Kenneth Hall,emilygonzalez@example.com,Marketing,Manager,6828.28,Canada
Johnny Sullivan,joseph68@example.com,Sales,Developer,3860.35,Poland
Kendra Mullen,ryan69@example.net,IT,Analyst,7089.08,Canada
Andres Gross,mossdonald@example.org,Finance,Specialist,1108.42,Poland
Brittany Butler,michellehernandez@example.com,Finance,Specialist,7937.25,Germany
Michael Jackson,heidi37@example.net,Marketing,Coordinator,6981.07,Germany
Nicholas Miller,hudsonashley@example.com,Finance,Manager,5356.04,Germany
Shawn Gonzales,ncoffey@example.net,HR,Manager,8799.72,Poland
Dawn Howell,rodriguezchristopher@example.com,Finance,Manager,6375.45,Poland
Jose Hutchinson,vernon62@example.net,Finance,Analyst,1557.78,Ukraine
Daniel Walker,richardsoto@example.com,Marketing,Analyst,2561.09,Ukraine
Joanna Downs,ecabrera@example.org,IT,Specialist,4088.93,Germany
Nicholas Moore,kentandrews@example.net,Finance,Manager,6454.2,Germany
Craig Rivera,vbenitez@example.net,HR,Developer,8567.41,USA
Christian Sanford,stacie42@example.com,Marketing,Specialist,2226.23,Poland
Michael Diaz,zcook@example.com,Finance,Coordinator,3891.82,Canada
Derrick Cruz,davidmedina@example.net,Marketing,Coordinator,5677.94,Poland
Heather Gardner,emily63@example.org,Marketing,Manager,6370.93,Ukraine
Jennifer Moreno,pjohnson@example.org,Finance,Specialist,1858.15,Canada
Phillip Jackson,nancy26@example.org,Sales,Developer,8299.34,Poland
Terry Chavez,cassandragarrison@example.net,Sales,Specialist,3522.03,Ukraine
Mary Thomas,fhines@example.net,Finance,Analyst,6545.39,USA
Thomas Dominguez,buckjeffrey@example.org,IT,Specialist,2560.81,Ukraine
Patricia Campbell,cisnerosrichard@example.com,IT,Specialist,3902.0,Canada
Kimberly Zamora,ugreer@example.org,Marketing,Coordinator,1713.59,Poland
Paul Proctor,reneewelch@example.net,Finance,Manager,6197.22,Poland
Shelby James,jamie06@example.com,Finance,Coordinator,7933.54,Germany
Patricia Harrell,martinmeagan@example.com,HR,Coordinator,8332.09,Germany
Deborah Richardson,annariley@example.net,Sales,Developer,9289.74,Poland
Jade Lopez,mcbridemeghan@example.net,IT,Specialist,9029.8,Ukraine
Thomas Martin,suttoneric@example.net,HR,Analyst,8989.08,Ukraine
Edwin Velazquez,cindy20@example.org,Marketing,Developer,5372.21,Poland
Wesley Cantu III,joann49@example.net,Finance,Manager,6531.39,Germany
Shelley Byrd,kimberly57@example.com,Sales,Coordinator,3601.4,Ukraine
Amanda Moore,wchen@example.net,Sales,Coordinator,2629.46,Poland
Michael Cuevas,lisamason@example.net,IT,Specialist,2652.29,Ukraine
Vanessa Zimmerman,simmonsjulie@example.net,IT,Developer,3205.8,Germany
Frank Robinson,alexandriawilson@example.com,Marketing,Specialist,8704.95,Canada
Margaret Ramirez,svargas@example.com,HR,Manager,1297.03,Poland
Danielle Huerta,evelynwilliams@example.org,Sales,Specialist,7669.45,Germany
Sandra Potter,patricia29@example.net,IT,Coordinator,5165.1,Germany
Johnathan Allen,samuel06@example.org,Finance,Specialist,1350.24,Ukraine
Carolyn Hess,fjohnson@example.net,Marketing,Developer,9832.22,Canada
Tyler Klein,brian16@example.com,IT,Specialist,6329.98,Poland
Derek Reyes,morgankelley@example.org,Sales,Analyst,2807.34,Germany
Taylor Matthews,alexandra65@example.net,Finance,Analyst,2833.99,USA
Mr. Adam Fisher II,baustin@example.com,HR,Analyst,1059.14,Canada
Laura Pace,mitchellpatrick@example.net,Finance,Manager,5796.87,USA
Jordan Jimenez,lcox@example.com,Finance,Developer,5953.6,Germany
Natasha Frank,justinsmith@example.com,Marketing,Developer,7605.8,Canada
Mr. Patrick Dawson,brendaeverett@example.net,IT,Analyst,1374.42,Canada
Joseph Peters,hterry@example.org,HR,Specialist,7165.87,Canada
Trevor Johnston,cynthiaherring@example.net,Marketing,Manager,9694.85,Poland
Joshua Davis,craigdavis@example.net,HR,Analyst,8297.21,Ukraine
Howard Jackson,sarasilva@example.net,HR,Specialist,9991.82,Ukraine
James Carr,enichols@example.com,Finance,Developer,8864.2,Poland
Drew Golden,robynwright@example.net,Marketing,Developer,6780.92,Poland
Thomas Carrillo,rodriguezmatthew@example.net,Sales,Specialist,7340.96,Poland
Justin Cook,cameronmiguel@example.net,HR,Coordinator,1318.87,USA
Timothy Malone,anita14@example.org,HR,Coordinator,4391.08,Poland
Donald Dillon,petersensarah@example.org,Finance,Developer,1429.9,USA
Paul Valentine,csmith@example.com,Sales,Manager,1715.13,Germany
Madison Smith,matthewcurry@example.org,Marketing,Analyst,1939.15,Germany
Lauren Smith,richardwilson@example.org,HR,Specialist,6982.09,Germany
Brittany Aguirre,amandaespinoza@example.org,Marketing,Developer,8279.39,USA
Kevin Lee,williamscrystal@example.org,Sales,Specialist,9591.89,Germany
Tanya Welch,kchen@example.net,Sales,Developer,5763.18,USA
Andrew Jones,michellepowell@example.org,IT,Developer,2772.48,Ukraine
Thomas Smith,anitamurray@example.org,Finance,Coordinator,1608.68,USA
April Green,dennisedwards@example.net,Marketing,Analyst,8443.55,Germany
Matthew Li,cyoung@example.net,Finance,Specialist,7430.24,Canada
Lisa Barnes,wberry@example.com,Sales,Developer,1743.43,Ukraine
Jeff Hudson,christophercook@example.com,Finance,Manager,6670.83,Germany
Robin Mueller,anitacross@example.org,IT,Analyst,3605.85,Ukraine
Jacqueline Graham,xthompson@example.com,Sales,Specialist,1047.87,Canada
Richard White,jamessimpson@example.com,HR,Coordinator,2897.25,Germany
Cody Gonzalez,flane@example.net,Marketing,Analyst,5970.08,Poland
Christine Anderson DDS,waltersthomas@example.com,Finance,Analyst,2801.45,Germany
Andrea Robinson,hannah58@example.net,Sales,Developer,9547.02,USA
Nicholas Ward,ian74@example.net,Marketing,Developer,2483.14,Canada
Cindy Rhodes,josewalsh@example.org,HR,Coordinator,3226.19,Poland
Hector Brown,kristinrodriguez@example.com,HR,Manager,8228.37,Ukraine
Russell Ortega,laura45@example.com,Sales,Coordinator,9023.24,Canada
Courtney Griffith,vargassamantha@example.org,IT,Analyst,4261.28,USA
Mary Kramer,shelley68@example.com,HR,Coordinator,2759.79,Ukraine
Travis Bailey MD,fieldsmelissa@example.org,Sales,Developer,9676.84,USA
Ryan Brown,jessica88@example.org,Marketing,Coordinator,7796.95,Ukraine
Jonathan Williams,davidschmidt@example.com,Finance,Coordinator,2070.61,Canada
Donald Montes,hillrussell@example.com,IT,Specialist,9650.08,Poland
Terry Long,kgentry@example.com,Finance,Analyst,1214.82,Germany
Paula Benton,petersalexander@example.org,IT,Developer,9412.37,Poland
Brent Allen,hrivera@example.net,Finance,Developer,8427.25,Ukraine
Matthew Young,carla12@example.org,IT,Specialist,4309.8,Canada
Keith Coleman,jonesallen@example.net,HR,Coordinator,1578.92,Germany
Sarah Salas,brittany88@example.com,HR,Analyst,1300.48,Germany
Kathy Patel,oyoung@example.org,Finance,Manager,6621.06,Ukraine
Samuel Hayden,pauljessica@example.com,Finance,Specialist,4203.61,Ukraine
Harry Vazquez,davidbowers@example.org,IT,Coordinator,1266.47,Germany
Maria Richardson,bmccoy@example.org,IT,Developer,2977.36,Germany
Patrick Carrillo,cdouglas@example.net,Finance,Coordinator,9053.6,USA
Alexis Matthews,james23@example.net,Marketing,Analyst,5728.27,Poland
Kelly Owens,riosashley@example.net,Marketing,Manager,1004.96,Poland
Wendy Krueger,richardzimmerman@example.net,Finance,Coordinator,2448.49,Canada
Gerald Gibbs,kelsey26@example.org,Finance,Coordinator,1056.65,Germany
Gary Mullins,qwalsh@example.net,HR,Manager,4602.72,USA
Brenda Lindsey,craigthomas@example.net,IT,Coordinator,8442.76,Poland
Sara Pollard,grahammaureen@example.net,HR,Developer,5454.8,Poland
Dawn Elliott,krobertson@example.org,Marketing,Specialist,7070.8,Germany
Jason Montgomery,barnesandrea@example.com,IT,Developer,1032.45,Canada
Sarah White,peter44@example.org,Sales,Developer,1192.19,Ukraine
Jamie Gilbert,vfrederick@example.net,Marketing,Specialist,1257.89,Canada
Bryan Page,kelly41@example.org,HR,Developer,5566.29,Poland
Nina Robinson,kevinberry@example.net,IT,Analyst,6591.56,Poland
Savannah Richardson,matthew73@example.org,Marketing,Manager,4188.58,Germany
Joshua Williams,lbrown@example.com,Finance,Developer,1916.13,Germany
Katelyn Jensen,cbaker@example.org,HR,Coordinator,7197.55,Germany
Kelly Pena,dudleymary@example.com,Sales,Specialist,5289.89,USA
Rachel Mitchell,jmartinez@example.com,Sales,Coordinator,7019.61,Poland
Robert Wagner,rebecca53@example.com,Marketing,Developer,5089.37,Poland
James Young,samanthamartinez@example.com,Finance,Coordinator,6253.26,Ukraine
Stephanie Watkins,jason62@example.net,Sales,Specialist,3897.4,USA
Theresa Goodwin,greyes@example.org,Marketing,Developer,2392.01,Ukraine
Jeffrey Morales,katrinasolomon@example.org,Finance,Specialist,6252.38,Germany
Michael Glover,youngjacob@example.net,IT,Coordinator,7005.17,Poland
Michael Fisher,nancy74@example.net,Sales,Specialist,6727.09,USA
Jennifer Adams,robertszachary@example.net,HR,Coordinator,7668.85,Germany
Timothy Shelton,kennedyralph@example.net,Sales,Manager,3640.6,Canada
Joyce Mcclure,byrdjohn@example.com,HR,Manager,9296.78,Canada
Michael West,timothy29@example.com,Marketing,Analyst,1444.79,Germany
Deborah Fernandez,donaldsongregory@example.com,Sales,Analyst,2205.9,Ukraine
Amber Harvey,cranejacob@example.com,Sales,Developer,9373.06,Poland
Cynthia Finley,ejackson@example.com,Sales,Coordinator,3238.83,Germany
William Kirby,robertjohnson@example.net,IT,Specialist,7842.21,Ukraine
Drew Anderson,michael68@example.net,Sales,Coordinator,7000.91,Canada
Crystal Fox,rodrigueztracy@example.com,Finance,Manager,5413.59,Germany
Joshua Oneill,jenkinscourtney@example.org,Sales,Specialist,2876.83,Canada
Matthew Nunez,theresahenry@example.org,Finance,Specialist,3152.76,Germany
Andre Nguyen,max83@example.com,Sales,Analyst,3711.67,Poland
Steven Esparza,raythomas@example.org,Marketing,Analyst,8374.1,Germany
Allison Adams,guzmanjacqueline@example.net,HR,Specialist,9737.06,Ukraine
Megan Mcdonald,dean75@example.net,IT,Developer,7472.61,Germany
Tiffany Foster,fevans@example.com,Finance,Specialist,4664.43,Canada
Alice Schneider,thorntonanna@example.com,Marketing,Analyst,8431.05,Canada
Danielle Carter,rodriguezlouis@example.org,IT,Coordinator,6430.24,Canada
Scott Robinson,jason39@example.net,Finance,Manager,5003.92,Ukraine
Kayla Watts,michealluna@example.org,IT,Manager,7672.88,Canada
Lisa Stewart,scott22@example.org,Finance,Developer,9796.28,Poland
Mark Weaver,codydavis@example.org,Marketing,Manager,5982.77,Germany
Mary Brown,millerdennis@example.com,Finance,Manager,4391.18,Canada
Julia Brown,hdennis@example.com,HR,Developer,7132.79,Poland
Brenda Campos,jakestrickland@example.net,IT,Developer,3441.43,Germany
Rita Jefferson,danny38@example.net,IT,Coordinator,3363.97,USA
Jesse Rivas DDS,johnsonandrew@example.net,Sales,Specialist,7862.37,Germany
Jonathan Robertson,dawn45@example.org,Sales,Manager,7818.99,Canada
Jeffrey Montes,miketyler@example.net,Marketing,Analyst,2887.74,Poland
Michael Williams,pcline@example.com,IT,Analyst,1110.67,Poland
Mark Chapman,matthewgonzalez@example.org,IT,Manager,5402.38,Poland
Amanda Villarreal,iconway@example.net,Marketing,Specialist,7532.94,Poland
David Mitchell,jessica92@example.net,Sales,Coordinator,9705.31,USA
Jaime Hardy,cheryl36@example.com,Sales,Developer,3147.58,Germany
April Bishop,ofisher@example.net,Sales,Analyst,4838.33,Canada
Shane Jones,ibrewer@example.com,Marketing,Manager,9740.93,Ukraine
Michael Harris,melissa30@example.org,IT,Coordinator,3529.77,Poland
Jeffrey Garner,kirbyjoshua@example.org,Sales,Coordinator,1213.16,Ukraine
Harold Lynn PhD,raven99@example.org,Finance,Specialist,3931.51,Poland
Edward Benson,plong@example.net,IT,Manager,3688.57,USA
Rachel Hale,johnrodriguez@example.net,Marketing,Manager,7384.83,USA
Mrs. Maria Cisneros MD,xmedina@example.com,Finance,Manager,8814.34,Canada
Christina Powell,robinsontimothy@example.com,Sales,Manager,6061.8,Ukraine
Teresa Jackson,jbrooks@example.net,Sales,Manager,1629.95,Canada
Matthew Willis,tbrown@example.com,IT,Developer,5127.49,Canada
Cameron Wade,jamesvazquez@example.org,Marketing,Specialist,6658.96,Ukraine
Michael Lawrence,shannoncarter@example.org,Marketing,Developer,3035.26,USA
Paul Hansen,kmorales@example.org,IT,Developer,1189.31,Poland
Megan Allen,elizabeth83@example.net,Finance,Coordinator,4538.41,Ukraine
Dr. Danielle Mendez DDS,barbarabaker@example.com,Sales,Analyst,5717.64,Poland
Eric Williams,sarah77@example.net,Marketing,Specialist,8626.56,USA
Angela Woods,ucantu@example.net,HR,Coordinator,4753.3,Germany
Jennifer Mccullough,pamelabrown@example.org,Sales,Analyst,5866.84,Ukraine
Thomas Jenkins,swatkins@example.net,Finance,Manager,2137.53,USA
Patrick Peterson,thompsonalisha@example.org,Marketing,Analyst,3323.61,Poland
Patricia Kane,wcooper@example.net,Sales,Manager,3469.31,Canada
Matthew Campbell,huntermary@example.net,IT,Manager,9511.55,Canada
Melissa Dorsey,qbrown@example.org,Finance,Developer,6015.28,Ukraine
James Ruiz,marc67@example.org,Finance,Developer,6027.69,Poland
Curtis Moreno,callison@example.com,HR,Developer,1712.37,Germany
Robert Goodman,allenrachel@example.com,Finance,Coordinator,9361.71,USA
James Hall,monicaolsen@example.net,Sales,Coordinator,6821.8,Ukraine
Kelly Morales,michelewalters@example.org,Marketing,Specialist,3827.65,Ukraine
David Johnson,istephens@example.net,Finance,Developer,1594.25,Ukraine
Andrea Wallace,whitejulie@example.org,IT,Specialist,7747.23,Germany
Matthew Rodriguez,martin10@example.org,Finance,Manager,2349.8,Ukraine
Jeffery Moore,hinesnicholas@example.net,Marketing,Specialist,3831.46,Germany
Matthew Thomas,chavezkristopher@example.org,HR,Analyst,1223.96,Ukraine
Jonathan Coffey,wilsonmarco@example.net,IT,Coordinator,2365.55,Poland
Chase Cooper,billy11@example.com,Marketing,Analyst,6450.63,Germany
Michelle Edwards,hammondbeth@example.com,Finance,Developer,5410.18,Germany
Erica Hester,duncanjaclyn@example.org,IT,Developer,5205.18,Ukraine
David Bailey,jonathan33@example.org,Marketing,Analyst,4578.94,Ukraine
Michael Murray,brownsteven@example.org,Marketing,Developer,8250.47,Germany
Ms. Valerie Li,ochambers@example.org,Finance,Developer,9202.89,Ukraine
Kimberly West,dillonderek@example.com,Marketing,Coordinator,7604.44,Germany
Stephanie Cervantes,grace55@example.net,Finance,Manager,7017.8,USA
Nathaniel Davis,wayne19@example.com,Marketing,Specialist,1249.15,USA
Chad Chavez,russelladams@example.net,IT,Coordinator,5324.38,Germany
Jessica Martin,alexisvalencia@example.net,Finance,Coordinator,7939.08,Germany
Steven Wallace,jason39@example.org,IT,Developer,2818.42,Germany
Donna Jenkins,stewartwilliam@example.org,IT,Developer,4936.96,Poland
David Hill,gentrykatherine@example.net,Finance,Manager,4756.91,Poland
Ruth Taylor,wmoreno@example.net,HR,Analyst,2508.93,Canada
Allison Jimenez,melendezdaniel@example.com,IT,Specialist,8515.31,Germany
Laura Harris,vrobinson@example.com,IT,Developer,5704.06,Germany
Brandon Clark,nicoletyler@example.com,Finance,Developer,7628.79,Germany
Jessica Lin,zcarter@example.org,IT,Developer,8876.2,Germany
Timothy Fry,burnettkatherine@example.org,Sales,Developer,3112.95,Poland
Evelyn Chan,doylealexandra@example.net,Marketing,Manager,5990.41,USA
Matthew Dean,kramernicholas@example.net,Sales,Developer,4422.28,Ukraine
Jessica Thompson,nancyanderson@example.com,IT,Analyst,6566.76,Germany
Kelly Perez,mmorse@example.org,Marketing,Coordinator,7093.04,Ukraine
Claudia Ellis,colin58@example.com,IT,Analyst,6224.26,Poland
Antonio Daniel,acostarenee@example.org,IT,Specialist,2646.09,USA
Dorothy Ruiz,fowlerbarbara@example.org,HR,Manager,9449.26,Canada
Jason Foley,qbrown@example.net,HR,Specialist,4448.86,Germany
Caroline Woods,brandy88@example.org,HR,Manager,1083.61,Canada
Tim Garcia,heather34@example.net,IT,Developer,5758.63,USA
Mrs. Tiffany Young,fulleramy@example.com,HR,Manager,1956.33,Ukraine
Stephanie Lawrence,zbridges@example.com,Marketing,Manager,3964.01,Canada
Jeff Sharp,robin34@example.com,Sales,Analyst,4488.79,Ukraine
Nancy Smith,julie21@example.org,Finance,Coordinator,2711.45,Germany
Judy Walker,johnsonmark@example.net,Sales,Manager,7491.92,USA
Albert Burton,priscillagolden@example.org,IT,Specialist,7214.44,USA
Travis Lopez,teresa59@example.com,Sales,Specialist,3733.57,Canada
Taylor Thomas,williamswanda@example.org,HR,Developer,3922.84,Canada
Rebecca Gilbert,carloscooke@example.org,HR,Manager,5315.43,Ukraine
Gloria Wilson,yliu@example.net,Finance,Developer,7616.04,Germany
Jacqueline Pham,kathleen54@example.org,Sales,Manager,2689.46,Poland
Susan Walker,ruizlauren@example.com,IT,Developer,5388.63,USA
Kimberly Arias,iwilson@example.net,IT,Developer,4079.13,Ukraine
Carol Nguyen,john86@example.net,IT,Analyst,9521.49,Ukraine
Spencer Jackson,fjones@example.com,HR,Analyst,6707.47,USA
Marcus Graham,johnstonmichael@example.com,HR,Analyst,1942.04,Germany
Tina Mclean,zamorajose@example.net,Finance,Developer,1842.53,Canada
Kara Chapman,hdavis@example.org,HR,Manager,1252.25,Germany
Lori Coleman,joelgarcia@example.com,Marketing,Manager,4630.96,Canada
Robert Terrell,moorematthew@example.net,Finance,Specialist,9015.22,USA
Amber Johnson,bhoward@example.org,IT,Developer,8877.75,Germany
Virginia Clark,cummingsaaron@example.com,HR,Developer,5999.78,Canada
Kelly Carrillo,judithrodriguez@example.com,Finance,Developer,6932.8,USA
Jeffrey Rivera,ghernandez@example.com,Sales,Developer,6647.96,Poland
Paul Phillips,keithwilliams@example.net,Finance,Coordinator,9806.06,USA
Cameron Ross,williamsmatthew@example.org,HR,Specialist,9510.69,Germany
Timothy Henry,robertball@example.com,Sales,Specialist,9322.55,USA
Christine Williams,david83@example.com,Sales,Coordinator,2423.33,Ukraine
Eddie Mendez,hardycarlos@example.com,HR,Manager,7658.04,Ukraine
Jordan Villegas,lauren68@example.org,IT,Developer,3461.02,USA
Misty Hoffman,perrydonna@example.com,Marketing,Coordinator,3625.82,Germany
Mr. Michael Garcia PhD,kwright@example.net,Finance,Developer,7285.57,Ukraine
Amy Sampson,sarastewart@example.com,Marketing,Developer,1909.47,Poland
Cathy Garcia,michaelburke@example.org,IT,Specialist,6714.11,USA
Carolyn Bautista,megan48@example.com,Finance,Specialist,6526.39,Poland
Amber Perez,cgonzales@example.net,Finance,Manager,2838.18,USA
John King,rtate@example.net,Sales,Analyst,2083.91,Canada
Nicholas Martin,tsanders@example.org,Sales,Manager,1076.52,Ukraine
Paul Miller,stricklandcarolyn@example.net,Finance,Analyst,1779.92,Poland
Jonathan Smith,thomasmclaughlin@example.net,Finance,Specialist,3465.3,USA
Terry Sweeney,astevens@example.com,Finance,Specialist,8128.26,Canada
Kelly Tucker,beardandrew@example.org,IT,Manager,4983.53,Poland
Sarah Smith,mgregory@example.com,IT,Coordinator,5370.02,Poland
Mallory Steele,sean38@example.org,HR,Developer,1396.0,Germany
William Zavala,courtney57@example.net,IT,Analyst,3125.08,Germany
Kevin Crane,jcampbell@example.org,Marketing,Analyst,4527.65,Canada
David Rivera,johnsonrobert@example.org,IT,Developer,6742.04,USA
Samuel Lewis,debrabarrett@example.org,Marketing,Manager,4946.15,Ukraine
Denise Hall,patrick59@example.org,Finance,Analyst,3719.33,Ukraine
Ana Parsons,slee@example.org,Marketing,Manager,9332.45,Germany
Jasmin Skinner,munozchristina@example.com,Sales,Coordinator,5606.49,Canada
Paula Evans,stephaniejohnson@example.org,IT,Specialist,2160.21,USA
Christina Washington,bgraham@example.org,Sales,Analyst,6492.17,Poland
Jacob Gutierrez,nolsen@example.com,HR,Manager,9918.77,Poland
Jessica Hernandez,ericjenkins@example.org,HR,Coordinator,6842.13,Ukraine
John Fernandez,mmitchell@example.org,HR,Specialist,8309.53,USA
Timothy Patel,lawrencesmith@example.org,Finance,Developer,3647.8,Poland
Sheryl Solomon,kimberly35@example.com,Marketing,Specialist,2347.55,Canada
Cathy Thornton,james65@example.net,Marketing,Analyst,1569.09,Canada
Karen Hall,nicholasheath@example.net,HR,Manager,4991.09,Germany
Richard Bauer,jordan80@example.net,Marketing,Analyst,5880.67,Ukraine
Danielle Ortiz,kristen15@example.org,Marketing,Coordinator,1990.17,Germany
Robert Webb,justin06@example.org,HR,Specialist,1634.0,Canada
Trevor Berry,collinsmelinda@example.com,HR,Analyst,7044.06,Ukraine
Tracy Ross MD,qschwartz@example.net,Marketing,Coordinator,3477.4,Poland
Michael Sellers,huberkelly@example.org,HR,Coordinator,7175.01,USA
Bryan Rogers,ngay@example.com,Sales,Developer,3556.52,Ukraine
Joanne Carr,whernandez@example.org,Sales,Coordinator,3300.05,Canada
Gregory Harris,ywhitehead@example.com,Marketing,Coordinator,2158.34,Poland
Anna Hawkins,frencherin@example.net,HR,Manager,3725.19,Canada
Ann Stewart,zjohnson@example.net,Marketing,Coordinator,5582.11,Canada
Michael Hernandez,grahamchristopher@example.org,IT,Analyst,9570.59,Ukraine
Pamela Jackson,tracy60@example.org,HR,Manager,5518.69,Germany
Micheal Collins,kelly22@example.com,Sales,Analyst,1510.88,Poland
Dr. Sarah Henderson,newmanshannon@example.org,Finance,Analyst,9871.53,Ukraine
Sophia Gutierrez,rsmith@example.com,Sales,Developer,5021.27,Ukraine
Jessica Johnson,mark13@example.net,IT,Coordinator,1350.46,Germany
Jerry Ewing,moralesjennifer@example.org,Sales,Developer,9410.6,USA
Jessica Nunez,zblankenship@example.net,HR,Analyst,1723.36,Ukraine
Cindy Cabrera,carla84@example.org,IT,Coordinator,5891.89,Ukraine
Brandon Sandoval,fredericktimothy@example.com,IT,Analyst,2424.39,Poland
Adam Boyd,desiree55@example.com,IT,Coordinator,8651.12,Canada
John Hughes,michael93@example.org,HR,Manager,2622.84,Germany
Heather Thornton,diazmichael@example.org,IT,Analyst,1793.56,Poland
Gerald Moore,logancorey@example.org,Marketing,Manager,8315.74,Ukraine
Benjamin Adams PhD,scott18@example.org,Marketing,Coordinator,3637.72,Poland
Amanda Green,carterpaige@example.org,IT,Coordinator,6604.83,Canada
Angela Evans,jessicabell@example.org,HR,Specialist,7691.0,Ukraine
Karen Johnson,jonesjessica@example.com,HR,Coordinator,5243.28,Poland
Michelle Powell,chadwelch@example.org,Finance,Coordinator,3507.4,Canada
Billy Stone,torresshawn@example.com,Marketing,Manager,9658.5,Poland
Joseph Cruz,ashleybrown@example.org,Sales,Coordinator,6102.65,Germany
Matthew Church,joshua83@example.net,Finance,Specialist,7479.45,Poland
April Hood,gabriellejackson@example.net,Sales,Developer,1258.61,USA
William Rodriguez,richardfoster@example.com,Sales,Analyst,8311.69,USA
Marc Smith,vanessa34@example.org,Finance,Analyst,2288.39,USA
Belinda Adams,evansnicholas@example.com,Finance,Analyst,3191.75,Poland
Courtney Wang,courtneyharmon@example.com,Sales,Manager,6820.32,Canada
William Prince,johnsonjoshua@example.net,IT,Coordinator,2901.5,Germany
Jamie Kim,dsmith@example.org,Marketing,Analyst,4620.06,Canada
Terry Russell,julie65@example.com,Sales,Analyst,2182.52,Ukraine
Dr. Kristin Smith MD,fchan@example.org,Sales,Manager,2809.99,Poland
Justin Tate,vegatara@example.org,Marketing,Specialist,2017.23,Canada
Cheryl Lewis,huffmanlatoya@example.net,IT,Developer,1218.12,USA
David Hobbs,hsnyder@example.com,IT,Manager,9294.66,Ukraine
Jesse Archer,amythompson@example.com,Marketing,Analyst,3367.34,Ukraine
Christopher Hughes,eallen@example.org,Marketing,Analyst,3542.6,Germany
Christine Duke,gturner@example.org,Marketing,Developer,9364.22,Ukraine
Daniel Wolf,christian79@example.org,Marketing,Specialist,4740.68,Canada
Michael Lopez,leeamy@example.org,IT,Specialist,4792.27,Germany
Christopher Reeves,barbaracoleman@example.org,HR,Coordinator,9988.59,Poland
Linda Mahoney,william07@example.net,Sales,Coordinator,3753.02,Germany
Janice Robles,yualison@example.org,Sales,Specialist,2500.61,Ukraine
Sandra Baker,ufowler@example.net,Marketing,Developer,5804.61,Germany
Mark Day,crussell@example.net,Marketing,Manager,6348.94,Germany
James Townsend,williamsrobert@example.com,Finance,Coordinator,6868.53,Poland
Christina Brown,lewisbrad@example.net,Finance,Specialist,8719.74,Ukraine
Jeanette Whitehead,hhaas@example.com,IT,Specialist,6072.87,Poland
Rebecca Dawson,acain@example.org,Finance,Analyst,8822.16,Poland
Gregory Walker,frances89@example.org,Marketing,Specialist,7752.09,Ukraine
Larry Snyder,boyerandrew@example.net,IT,Analyst,2921.78,Ukraine
Jennifer Mann,kellysimmons@example.org,Finance,Manager,1340.95,Canada
Samantha Wilson,jenniferford@example.net,Sales,Coordinator,9638.36,USA
James Owens,qzimmerman@example.org,Finance,Manager,1565.08,USA
Abigail Burns,wendyward@example.org,IT,Analyst,2381.35,Germany
Jennifer Sanders,carriecarson@example.net,Marketing,Specialist,7108.46,Canada
Danny King,jennifersanders@example.net,Marketing,Coordinator,7757.15,USA
Kevin Smith,aprilbennett@example.org,Sales,Coordinator,7754.68,USA
Catherine Schultz,lisamccarthy@example.com,Finance,Coordinator,9673.0,USA
David Carroll,snowronald@example.net,IT,Specialist,6864.65,Ukraine
